{"cameraMode":{"drawMode":0,"name":"Shaded","section":"Shading Mode"},"sceneLighting":true,"audioPlay":false,"sceneViewState":{"showFog":true,"showMaterialUpdate":false,"showSkybox":true,"showFlares":true,"showImageEffects":true,"showParticleSystems":true},"in2DMode":false,"pivot":{"x":96.40904998779297,"y":136.96202087402345,"z":156.33779907226563},"rotation":{"x":0.052543070167303088,"y":-0.946094810962677,"z":0.25056561827659609,"w":0.19839516282081605},"size":177.03208923339845,"orthographic":true}