{"cameraMode":{"drawMode":0,"name":"Shaded","section":"Shading Mode"},"sceneLighting":true,"audioPlay":false,"sceneViewState":{"showFog":true,"showMaterialUpdate":false,"showSkybox":true,"showFlares":true,"showImageEffects":true,"showParticleSystems":true},"in2DMode":false,"pivot":{"x":76.33853912353516,"y":-7.033566951751709,"z":44.21741485595703},"rotation":{"x":0.08056514710187912,"y":0.8819979429244995,"z":-0.16351418197155,"w":0.434571236371994},"size":55.05498504638672,"orthographic":true}