{"cameraMode":{"drawMode":0,"name":"Shaded","section":"Shading Mode"},"sceneLighting":true,"audioPlay":false,"sceneViewState":{"showFog":true,"showMaterialUpdate":false,"showSkybox":true,"showFlares":true,"showImageEffects":true,"showParticleSystems":true},"in2DMode":false,"pivot":{"x":1.932898759841919,"y":36.15679931640625,"z":130.58380126953126},"rotation":{"x":-0.1026424765586853,"y":-0.8792081475257874,"z":0.2201935052871704,"w":-0.4098443388938904},"size":2.8578836917877199,"orthographic":true}