{"cameraMode":{"drawMode":0,"name":"Shaded","section":"Shading Mode"},"sceneLighting":false,"audioPlay":false,"sceneViewState":{"showFog":true,"showMaterialUpdate":false,"showSkybox":true,"showFlares":true,"showImageEffects":true,"showParticleSystems":true},"in2DMode":false,"pivot":{"x":50.154296875,"y":32.440406799316409,"z":106.59632873535156},"rotation":{"x":0.1270047277212143,"y":0.7743544578552246,"z":-0.16456064581871034,"w":0.597632646560669},"size":2.8578836917877199,"orthographic":true}