{"cameraMode":{"drawMode":0,"name":"Shaded","section":"Shading Mode"},"sceneLighting":false,"audioPlay":false,"sceneViewState":{"showFog":true,"showMaterialUpdate":false,"showSkybox":true,"showFlares":true,"showImageEffects":true,"showParticleSystems":true},"in2DMode":false,"pivot":{"x":50.154296875,"y":32.440406799316409,"z":106.59632873535156},"rotation":{"x":-0.027493419125676156,"y":0.9718700051307678,"z":-0.18227574229240418,"w":-0.14658910036087037},"size":2.8578836917877199,"orthographic":true}