{"cameraMode":{"drawMode":0,"name":"Shaded","section":"Shading Mode"},"sceneLighting":true,"audioPlay":false,"sceneViewState":{"showFog":true,"showMaterialUpdate":false,"showSkybox":true,"showFlares":true,"showImageEffects":true,"showParticleSystems":true},"in2DMode":false,"pivot":{"x":69.19996643066406,"y":-1.0021849870681763,"z":32.709716796875},"rotation":{"x":0.20897217094898225,"y":-0.3382125794887543,"z":0.07729919254779816,"w":0.9143127202987671},"size":78.78935241699219,"orthographic":true}