{"cameraMode":{"drawMode":0,"name":"Shaded","section":"Shading Mode"},"sceneLighting":false,"audioPlay":false,"sceneViewState":{"showFog":true,"showMaterialUpdate":false,"showSkybox":true,"showFlares":true,"showImageEffects":true,"showParticleSystems":true},"in2DMode":false,"pivot":{"x":5.736576080322266,"y":7.3712921142578129,"z":-3.2301478385925295},"rotation":{"x":0.05526858568191528,"y":0.9288950562477112,"z":-0.15467429161071778,"w":0.3319268226623535},"size":34.70895004272461,"orthographic":true}