{"cameraMode":{"drawMode":0,"name":"Shaded","section":"Shading Mode"},"sceneLighting":false,"audioPlay":false,"sceneViewState":{"showFog":true,"showMaterialUpdate":false,"showSkybox":true,"showFlares":true,"showImageEffects":true,"showParticleSystems":true},"in2DMode":false,"pivot":{"x":1.932898759841919,"y":36.15679931640625,"z":130.58380126953126},"rotation":{"x":0.005255247466266155,"y":0.9688631892204285,"z":-0.24667884409427644,"w":0.020640799775719644},"size":2.8578836917877199,"orthographic":true}